{
    "loss": 18.129579544067383,
    "accuracy": 0.5686274766921997
}